Focal,day.id,time_play_min,encounter_day
Pandora,Pandora_2012-01-09,480,no
Perla,Perla_2012-01-11,823,no
Narcisse,Narcisse_2012-01-12,907,no
Fredy,Fredy_2012-01-14,705,no
Narcisse,Narcisse_2012-01-15,837,no
Pandora,Pandora_2012-01-18,549,no
Perla,Perla_2012-01-20,527,no
Narcisse,Narcisse_2012-01-22,908,no
Mystere,Mystere_2012-01-23,565,no
Wandy,Wandy_2012-01-25,782,no
Fredy,Fredy_2012-01-26,522,no
Pandora,Pandora_2012-02-10,549,no
Perla,Perla_2012-02-12,670,no
Perla,Perla_2012-02-14,532,no
Pandora,Pandora_2012-02-18,527,no
Poseidon,Poseidon_2012-02-19,586,no
Athos,Athos_2012-02-25,511,no
Fredy,Fredy_2012-02-28,594,no
Athos,Athos_2012-03-04,467,no
Fredy,Fredy_2012-03-04,481,no
Fredy,Fredy_2012-03-05,658,no
Kinshasa,Kinshasa_2012-03-19,560,no
Mbeli,Mbeli_2012-03-20,954,no
Woodstock,Woodstock_2012-03-24,734,no
Sumatra,Sumatra_2012-03-27,763,no
Fredy,Fredy_2012-03-27,902,no
Narcisse,Narcisse_2012-03-31,615,no
Sumatra,Sumatra_2012-03-31,863,no
Narcisse,Narcisse_2012-04-17,561,no
Perla,Perla_2012-04-18,833,no
Belle,Belle_2012-04-26,570,no
Narcisse,Narcisse_2012-04-27,621,no
Indira,Indira_2012-04-29,445,no
Narcisse,Narcisse_2012-04-29,866,no
Belle,Belle_2012-05-01,530,no
Athos,Athos_2012-05-01,678,no
Fredy,Fredy_2012-05-02,930,no
Indira,Indira_2012-05-05,670,no
Elisa,Elisa_2012-05-08,548,no
Noureyev,Noureyev_2012-05-31,517,no
Athos,Athos_2012-06-02,708,no
Poseidon,Poseidon_2012-07-02,576,no
Sumatra,Sumatra_2012-07-03,656,no
Pandora,Pandora_2012-08-03,548,no
Perla,Perla_2012-08-14,693,no
Noureyev,Noureyev_2012-08-15,946,no
Mystere,Mystere_2012-09-23,873,no
Kinshasa,Kinshasa_2012-09-29,685,no
Kinshasa,Kinshasa_2012-10-04,511,no
Kinshasa,Kinshasa_2012-10-13,510,no
Athos,Athos_2012-10-14,415,no
Fatima,Fatima_2012-10-18,432,no
Poseidon,Poseidon_2012-10-19,717,no
Athos,Athos_2012-10-21,428,no
Sumatra,Sumatra_2012-11-04,820,no
Mbeli,Mbeli_2012-11-07,843,no
Narcisse,Narcisse_2012-11-08,723,no
Fredy,Fredy_2012-11-16,448,no
Elisa,Elisa_2012-11-18,571,no
Poseidon,Poseidon_2012-11-18,1037,no
Fredy,Fredy_2012-11-19,439,no
Noureyev,Noureyev_2012-11-30,832,no
Belle,Belle_2012-12-03,786,no
Pandora,Pandora_2012-12-15,991,no
Kinshasa,Kinshasa_2012-12-16,520,no
Sumatra,Sumatra_2012-12-18,480,no
Perla,Perla_2012-12-18,979,no
Fatima,Fatima_2012-12-19,504,no
Elisa,Elisa_2012-12-22,464,no
Indira,Indira_2012-12-24,468,no
Wandy,Wandy_2012-12-26,697,no
Athos,Athos_2013-01-07,702,no
Indira,Indira_2013-01-15,639,no
Yeha,Yeha_2013-01-18,503,no
Wandy,Wandy_2013-01-19,429,no
Indira,Indira_2013-01-20,575,no
Yeha,Yeha_2013-01-22,473,no
Athos,Athos_2013-01-23,551,no
Fredy,Fredy_2013-01-26,438,no
Noureyev,Noureyev_2013-01-27,432,no
Poseidon,Poseidon_2013-01-28,450,no
Narcisse,Narcisse_2013-01-29,505,no
Elisa,Elisa_2013-01-29,816,no
Athos,Athos_2013-01-30,409,no
Indira,Indira_2013-02-04,437,no
Kuba,Kuba_2013-02-04,733,no
Woodstock,Woodstock_2013-02-13,530,no
Athos,Athos_2013-02-16,467,no
Yeha,Yeha_2013-02-19,495,no
Woodstock,Woodstock_2013-02-19,526,no
Mbeli,Mbeli_2013-02-20,430,no
Indira,Indira_2013-02-20,498,no
Surprise,Surprise_2013-02-25,731,no
Noureyev,Noureyev_2013-02-26,738,no
Porthos,Porthos_2013-03-02,579,no
Pandora,Pandora_2013-03-04,705,no
Elisa,Elisa_2013-03-15,897,no
Elisa,Elisa_2013-03-27,501,no
Fredy,Fredy_2013-04-02,458,no
Perla,Perla_2013-04-03,770,no
Elisa,Elisa_2013-04-05,693,no
Indira,Indira_2013-04-09,672,no
Chantal,Chantal_2013-04-19,817,no
Fredy,Fredy_2013-04-27,856,no
Athos,Athos_2013-05-01,404,no
Fredy,Fredy_2013-05-02,877,no
Kuba,Kuba_2013-05-04,455,no
Indira,Indira_2013-05-05,936,no
Chantal,Chantal_2013-05-11,510,no
Noureyev,Noureyev_2013-05-12,767,no
Wandy,Wandy_2013-05-14,750,no
Fredy,Fredy_2013-05-16,755,no
Poseidon,Poseidon_2013-05-18,822,no
Fatima,Fatima_2013-05-19,561,no
Wandy,Wandy_2013-05-19,768,no
Poseidon,Poseidon_2013-05-28,749,no
Elisa,Elisa_2013-05-29,389,no
Fredy,Fredy_2013-06-06,924,no
Indira,Indira_2013-06-07,776,no
Wandy,Wandy_2013-06-09,678,no
Kinshasa,Kinshasa_2013-06-22,435,no
Sumatra,Sumatra_2013-06-23,670,no
Fatima,Fatima_2013-07-05,405,no
Elisa,Elisa_2013-07-30,713,no
Mbeli,Mbeli_2013-07-30,788,no
Sumatra,Sumatra_2013-07-31,528,no
Elisa,Elisa_2013-07-31,647,no
Sumatra,Sumatra_2013-08-01,564,no
Kinshasa,Kinshasa_2013-08-03,508,no
Fatima,Fatima_2013-08-04,747,no
Wandy,Wandy_2013-08-04,803,no
Fredy,Fredy_2013-08-06,458,no
Fredy,Fredy_2013-08-12,641,no
Noureyev,Noureyev_2013-08-17,477,no
Porthos,Porthos_2013-08-20,649,no
Fredy,Fredy_2013-08-20,837,no
Fredy,Fredy_2013-08-27,655,no
Indira,Indira_2013-08-30,678,no
Fatima,Fatima_2013-08-31,600,no
Indira,Indira_2013-09-05,558,no
Fredy,Fredy_2013-09-07,404,no
Jacobo,Jacobo_2013-09-20,915,no
Indira,Indira_2013-10-15,427,no
Poseidon,Poseidon_2013-10-17,923,no
Jacobo,Jacobo_2013-10-18,560,no
Kuba,Kuba_2013-10-20,680,no
Porthos,Porthos_2013-10-21,752,no
Kinshasa,Kinshasa_2013-10-24,650,no
Kinshasa,Kinshasa_2013-10-25,667,no
Fredy,Fredy_2013-10-26,633,no
Athos,Athos_2013-11-01,392,no
Woodstock,Woodstock_2013-11-02,673,no
Sumatra,Sumatra_2013-11-05,581,no
Fredy,Fredy_2013-11-06,569,no
Indira,Indira_2013-11-10,468,no
Athos,Athos_2013-11-12,401,no
Fredy,Fredy_2013-11-12,491,no
Mbeli,Mbeli_2013-11-12,521,no
Fatima,Fatima_2013-11-12,861,no
Fredy,Fredy_2013-11-14,547,no
Porthos,Porthos_2013-11-15,658,no
Fredy,Fredy_2013-11-18,630,no
Indira,Indira_2013-11-20,810,no
Fatima,Fatima_2013-11-22,457,no
Poseidon,Poseidon_2013-11-23,805,no
Wandy,Wandy_2013-11-30,425,no
Noureyev,Noureyev_2013-11-30,758,no
Ibrahim,Ibrahim_2013-12-01,895,no
Fredy,Fredy_2013-12-02,450,no
Kinshasa,Kinshasa_2013-12-03,571,no
Poseidon,Poseidon_2013-12-03,820,no
Kuba,Kuba_2013-12-06,592,no
Woodstock,Woodstock_2013-12-07,412,no
Ibrahim,Ibrahim_2013-12-07,851,no
Sumatra,Sumatra_2013-12-08,514,no
Indira,Indira_2013-12-08,630,no
Woodstock,Woodstock_2013-12-08,669,no
Fredy,Fredy_2013-12-09,445,no
Ibrahim,Ibrahim_2013-12-11,479,no
Woodstock,Woodstock_2013-12-13,555,no
Poseidon,Poseidon_2013-12-13,996,no
Mbeli,Mbeli_2013-12-14,494,no
Noureyev,Noureyev_2013-12-20,474,no
Jacobo,Jacobo_2013-12-20,914,no
Wandy,Wandy_2013-12-21,492,no
Shogun,Shogun_2013-12-21,582,no
Sumatra,Sumatra_2013-12-22,465,no
Porthos,Porthos_2013-12-23,791,no
Woodstock,Woodstock_2013-12-24,462,no
Ibrahim,Ibrahim_2013-12-25,631,no
Sumatra,Sumatra_2013-12-26,477,no
Kinshasa,Kinshasa_2013-12-27,883,no
Sumatra,Sumatra_2013-12-28,626,no
Indira,Indira_2013-12-29,640,no
Woodstock,Woodstock_2013-12-30,549,no
Sumatra,Sumatra_2014-01-03,469,no
Indira,Indira_2014-01-05,443,no
Ibrahim,Ibrahim_2014-01-05,921,no
Shogun,Shogun_2014-01-07,482,no
Athos,Athos_2014-01-08,816,no
Fredy,Fredy_2014-01-09,441,no
Mbeli,Mbeli_2014-01-09,524,no
Fredy,Fredy_2014-01-13,407,no
Fredy,Fredy_2014-01-14,652,no
Fredy,Fredy_2014-01-15,453,no
Fredy,Fredy_2014-01-18,584,no
Kinshasa,Kinshasa_2014-01-18,613,no
Fatima,Fatima_2014-01-18,642,no
Fredy,Fredy_2014-01-19,467,no
Yeda_since2013,Yeda_since2013_2014-01-19,555,no
Kuba,Kuba_2014-01-20,484,no
Poseidon,Poseidon_2014-01-22,479,no
Athos,Athos_2014-01-22,561,no
Fredy,Fredy_2014-01-23,398,no
Fredy,Fredy_2014-01-24,395,no
Belle,Belle_2014-01-24,982,no
Ibrahim,Ibrahim_2014-01-25,907,no
Shogun,Shogun_2014-01-26,487,no
Shogun,Shogun_2014-01-27,576,no
Jacobo,Jacobo_2014-01-27,614,no
Athos,Athos_2014-01-28,642,no
Porthos,Porthos_2014-01-29,842,no
Noureyev,Noureyev_2014-01-30,677,no
Fredy,Fredy_2014-01-31,409,no
Porthos,Porthos_2014-02-02,449,no
Athos,Athos_2014-02-02,520,no
Fredy,Fredy_2014-02-03,537,no
Fredy,Fredy_2014-02-04,422,no
Mbeli,Mbeli_2014-02-04,593,no
Athos,Athos_2014-02-04,760,no
Fredy,Fredy_2014-02-05,467,no
Sumatra,Sumatra_2014-02-05,585,no
Kinshasa,Kinshasa_2014-02-06,423,no
Poseidon,Poseidon_2014-02-08,438,no
Kuba,Kuba_2014-02-08,633,no
Poseidon,Poseidon_2014-02-12,526,no
Ibrahim,Ibrahim_2014-02-13,473,no
Woodstock,Woodstock_2014-02-14,836,no
Fatima,Fatima_2014-02-15,462,no
Poseidon,Poseidon_2014-02-15,466,no
Woodstock,Woodstock_2014-02-16,538,no
Sumatra,Sumatra_2014-02-16,652,no
Yeda_since2013,Yeda_since2013_2014-02-17,538,no
Mbeli,Mbeli_2014-02-17,568,no
Shogun,Shogun_2014-02-18,580,no
Poseidon,Poseidon_2014-02-18,661,no
Sumatra,Sumatra_2014-02-19,908,no
Kinshasa,Kinshasa_2014-02-20,615,no
Mbeli,Mbeli_2014-02-24,452,no
Athos,Athos_2014-02-25,556,no
Mbeli,Mbeli_2014-02-25,696,no
Kinshasa,Kinshasa_2014-02-25,862,no
Woodstock,Woodstock_2014-02-26,436,no
Rwenzori,Rwenzori_2014-02-26,552,no
Kuba,Kuba_2014-02-28,504,no
Perla,Perla_2014-02-28,932,no
Yeda_since2013,Yeda_since2013_2014-03-01,692,no
Mbeli,Mbeli_2014-03-02,510,no
Sumatra,Sumatra_2014-03-02,604,no
Wandy,Wandy_2014-03-05,480,no
Kinshasa,Kinshasa_2014-03-06,446,no
Fredy,Fredy_2014-03-06,507,no
Elisa,Elisa_2014-03-08,753,no
Shogun,Shogun_2014-03-09,539,no
Woodstock,Woodstock_2014-03-09,541,no
Fredy,Fredy_2014-03-09,640,no
Poseidon,Poseidon_2014-03-10,399,no
Fatima,Fatima_2014-03-10,873,no
Shogun,Shogun_2014-03-11,605,no
Rwenzori,Rwenzori_2014-03-13,467,no
Athos,Athos_2014-03-13,662,no
Woodstock,Woodstock_2014-03-15,729,no
Porthos,Porthos_2014-03-18,527,no
Elisa,Elisa_2014-03-20,428,no
Sumatra,Sumatra_2014-03-21,699,no
Fredy,Fredy_2014-03-23,567,no
Fatima,Fatima_2014-03-24,418,no
Elisa,Elisa_2014-03-26,480,no
Kuba,Kuba_2014-03-26,631,no
Fatima,Fatima_2014-03-29,482,no
Fredy,Fredy_2014-03-30,472,no
Rwenzori,Rwenzori_2014-03-30,882,no
Fatima,Fatima_2014-04-01,625,no
Noureyev,Noureyev_2014-04-02,531,no
Kuba,Kuba_2014-04-02,711,no
Fredy,Fredy_2014-04-03,555,no
Wandy,Wandy_2014-04-03,563,no
Fredy,Fredy_2014-04-04,551,no
Kuba,Kuba_2014-04-04,647,no
Fredy,Fredy_2014-04-06,468,no
Kuba,Kuba_2014-04-07,428,no
Rwenzori,Rwenzori_2014-04-07,504,no
Indira,Indira_2014-04-07,680,no
Woodstock,Woodstock_2014-04-08,479,no
Poseidon,Poseidon_2014-04-08,506,no
Elisa,Elisa_2014-04-08,538,no
Fatima,Fatima_2014-04-08,558,no
Kinshasa,Kinshasa_2014-04-08,848,no
Indira,Indira_2014-04-09,532,no
Fatima,Fatima_2014-04-10,432,no
Indira,Indira_2014-04-13,493,no
Mbeli,Mbeli_2014-04-14,547,no
Ibrahim,Ibrahim_2014-04-14,604,no
Fredy,Fredy_2014-04-15,445,no
Woodstock,Woodstock_2014-04-16,448,no
Fatima,Fatima_2014-04-17,425,no
Fredy,Fredy_2014-04-17,436,no
Athos,Athos_2014-04-17,687,no
Surprise,Surprise_2014-04-17,720,no
Jacobo,Jacobo_2014-04-19,490,no
Poseidon,Poseidon_2014-04-19,897,no
Kuba,Kuba_2014-04-20,426,no
Shogun,Shogun_2014-04-20,625,no
Rwenzori,Rwenzori_2014-04-21,485,no
Surprise,Surprise_2014-04-21,823,no
Narcisse,Narcisse_2014-04-22,458,no
Pandora,Pandora_2014-04-23,722,no
Chantal,Chantal_2014-04-23,1068,no
Indira,Indira_2014-04-24,399,no
Woodstock,Woodstock_2014-04-24,478,no
Kuba,Kuba_2014-04-25,469,no
Noureyev,Noureyev_2014-04-25,734,no
Indira,Indira_2014-04-26,415,no
Perla,Perla_2014-04-26,637,no
Mystere,Mystere_2014-04-27,682,no
Fredy,Fredy_2014-04-28,469,no
Jacobo,Jacobo_2014-04-28,609,no
Kinshasa,Kinshasa_2014-04-29,540,no
Noureyev,Noureyev_2014-04-29,850,no
Noureyev,Noureyev_2014-05-01,783,no
Surprise,Surprise_2014-05-02,693,no
Porthos,Porthos_2014-05-03,509,no
Belle,Belle_2014-05-04,770,no
Narcisse,Narcisse_2014-05-05,771,no
Fredy,Fredy_2014-05-06,870,no
Noureyev,Noureyev_2014-05-07,855,no
Rwenzori,Rwenzori_2014-05-08,645,no
Pandora,Pandora_2014-05-08,746,no
Kinshasa,Kinshasa_2014-05-10,452,no
Kuba,Kuba_2014-05-12,413,no
Indira,Indira_2014-05-12,501,no
Woodstock,Woodstock_2014-05-15,613,no
Kinshasa,Kinshasa_2014-05-16,905,no
Noureyev,Noureyev_2014-05-17,499,no
Sumatra,Sumatra_2014-05-17,961,no
Woodstock,Woodstock_2014-05-18,498,no
Narcisse,Narcisse_2014-05-18,600,no
Rwenzori,Rwenzori_2014-05-18,606,no
Woodstock,Woodstock_2014-05-20,632,no
Narcisse,Narcisse_2014-05-21,510,no
Kuba,Kuba_2014-05-24,536,no
Shogun,Shogun_2014-05-24,857,no
Sumatra,Sumatra_2014-05-27,553,no
Woodstock,Woodstock_2014-05-30,611,no
Fredy,Fredy_2014-06-10,942,no
Narcisse,Narcisse_2014-06-19,480,no
Belle,Belle_2014-06-22,440,no
Sumatra,Sumatra_2014-06-22,786,no
Mbeli,Mbeli_2014-06-23,548,no
Mystere,Mystere_2014-06-26,591,no
Surprise,Surprise_2014-06-27,630,no
Richelieu,Richelieu_2014-06-27,975,no
Yeda_since2013,Yeda_since2013_2014-06-28,645,no
Woodstock,Woodstock_2014-07-07,703,no
Poseidon,Poseidon_2014-07-07,910,no
Elisa,Elisa_2014-07-12,503,no
Wandy,Wandy_2014-07-13,948,no
Pandora,Pandora_2014-07-17,792,no
Surprise,Surprise_2014-07-18,886,no
Noureyev,Noureyev_2014-07-18,960,no
Pandora,Pandora_2014-07-20,434,no
Sumatra,Sumatra_2014-07-20,760,no
Surprise,Surprise_2014-07-22,508,no
Mystere,Mystere_2014-07-24,598,no
Porthos,Porthos_2014-07-25,973,no
Narcisse,Narcisse_2014-07-26,525,no
Ibrahim,Ibrahim_2014-07-26,926,no
Surprise,Surprise_2014-07-31,627,no
Indira,Indira_2014-07-31,793,no
Indira,Indira_2014-08-01,514,no
Perla,Perla_2014-08-01,670,no
Noureyev,Noureyev_2014-08-02,641,no
Indira,Indira_2014-08-03,469,no
Porthos,Porthos_2014-08-03,621,no
Noureyev,Noureyev_2014-08-04,639,no
Porthos,Porthos_2014-08-05,733,no
Indira,Indira_2014-08-10,564,no
Surprise,Surprise_2014-08-21,613,no
Surprise,Surprise_2014-08-23,534,no
Belle,Belle_2014-08-25,496,no
Mystere,Mystere_2014-08-26,680,no
Belle,Belle_2014-08-28,709,no
Narcisse,Narcisse_2014-08-29,470,no
Perla,Perla_2014-08-31,701,no
Shogun,Shogun_2014-09-03,449,no
Narcisse,Narcisse_2014-09-03,584,no
Fatima,Fatima_2014-09-04,403,no
Indira,Indira_2014-09-06,769,no
Porthos,Porthos_2014-09-07,819,no
Sumatra,Sumatra_2014-09-09,673,no
Noureyev,Noureyev_2014-09-09,763,no
Mystere,Mystere_2014-09-10,588,no
Elisa,Elisa_2014-09-12,727,no
Noureyev,Noureyev_2014-09-14,610,no
Perla,Perla_2014-09-16,607,no
Sumatra,Sumatra_2014-09-18,900,no
Fredy,Fredy_2014-09-19,685,no
Willy,Willy_2014-09-20,507,no
Narcisse,Narcisse_2014-09-20,606,no
Willy,Willy_2014-09-24,441,no
Yeda_since2013,Yeda_since2013_2014-09-25,576,no
Noureyev,Noureyev_2014-09-28,958,no
Kuba,Kuba_2014-09-30,433,no
Kinshasa,Kinshasa_2014-10-01,732,no
Indira,Indira_2014-10-03,592,no
Fredy,Fredy_2014-10-04,574,no
Shogun,Shogun_2014-10-08,618,no
Rwenzori,Rwenzori_2014-10-09,493,no
Poseidon,Poseidon_2014-10-09,585,no
Fredy,Fredy_2014-10-09,589,no
Yeda_since2013,Yeda_since2013_2014-10-12,765,no
Fredy,Fredy_2014-10-13,497,no
Fatima,Fatima_2014-10-16,457,no
Fredy,Fredy_2014-10-16,694,no
Richelieu,Richelieu_2014-10-16,808,no
Willy,Willy_2014-10-17,432,no
Willy,Willy_2014-10-18,717,no
Mystere,Mystere_2014-10-19,438,no
Pandora,Pandora_2014-10-20,990,no
Narcisse,Narcisse_2014-10-21,474,no
Indira,Indira_2014-10-22,439,no
Rwenzori,Rwenzori_2014-10-22,633,no
Fatima,Fatima_2014-10-23,521,no
Perla,Perla_2014-10-24,557,no
Poseidon,Poseidon_2014-10-25,589,no
Belle,Belle_2014-10-25,1020,no
Willy,Willy_2014-10-27,764,no
Surprise,Surprise_2014-10-28,582,no
Woodstock,Woodstock_2014-10-29,428,no
Richelieu,Richelieu_2014-10-29,574,no
Korie,Korie_2014-10-29,667,no
Athos,Athos_2014-10-29,674,no
Noureyev,Noureyev_2014-10-30,870,no
Mbeli,Mbeli_2014-11-01,390,no
Porthos,Porthos_2014-11-01,559,no
Sumatra,Sumatra_2014-11-02,549,no
Narcisse,Narcisse_2014-11-03,422,no
Woodstock,Woodstock_2014-11-03,564,no
Rwenzori,Rwenzori_2014-11-03,581,no
Jacobo,Jacobo_2014-11-03,957,no
Woodstock,Woodstock_2014-11-04,426,no
Porthos,Porthos_2014-11-04,850,no
Poseidon,Poseidon_2014-11-05,702,no
Shogun,Shogun_2014-11-05,825,no
Noureyev,Noureyev_2014-11-06,497,no
Fatima,Fatima_2014-11-07,498,no
Sumatra,Sumatra_2014-11-07,544,no
Willy,Willy_2014-11-08,435,no
Woodstock,Woodstock_2014-11-08,481,no
Athos,Athos_2014-11-08,514,no
Noureyev,Noureyev_2014-11-08,902,no
Mystere,Mystere_2014-11-09,595,no
Indira,Indira_2014-11-09,980,no
Elisa,Elisa_2014-11-10,920,no
Fredy,Fredy_2014-11-11,475,no
Richelieu,Richelieu_2014-11-11,483,no
Shogun,Shogun_2014-11-11,675,no
Surprise,Surprise_2014-11-11,861,no
Woodstock,Woodstock_2014-11-11,991,no
Mystere,Mystere_2014-11-12,832,no
Fredy,Fredy_2014-11-13,466,no
Kinshasa,Kinshasa_2014-11-13,561,no
Noureyev,Noureyev_2014-11-13,587,no
Elisa,Elisa_2014-11-13,647,no
Woodstock,Woodstock_2014-11-14,418,no
Willy,Willy_2014-11-14,426,no
Fredy,Fredy_2014-11-14,445,no
Perla,Perla_2014-11-14,965,no
Belle,Belle_2014-11-15,506,no
Athos,Athos_2014-11-15,805,no
Kuba,Kuba_2014-11-16,589,no
Yeda_since2013,Yeda_since2013_2014-11-16,638,no
Indira,Indira_2014-11-17,392,no
Mbeli,Mbeli_2014-11-17,397,no
Fatima,Fatima_2014-11-17,437,no
Richelieu,Richelieu_2014-11-17,543,no
Kuba,Kuba_2014-11-17,624,no
Poseidon,Poseidon_2014-11-18,525,no
Kuba,Kuba_2014-11-18,560,no
Wandy,Wandy_2014-11-18,744,no
Willy,Willy_2014-11-19,819,no
Pandora,Pandora_2014-11-20,476,no
Athos,Athos_2014-11-20,484,no
Kuba,Kuba_2014-11-20,735,no
Fredy,Fredy_2014-11-21,461,no
Elisa,Elisa_2014-11-21,705,no
Shogun,Shogun_2014-11-22,639,no
Woodstock,Woodstock_2014-11-22,689,no
Fatima,Fatima_2014-11-24,447,no
Jacobo,Jacobo_2014-11-24,578,no
Porthos,Porthos_2014-11-24,720,no
Jacobo,Jacobo_2014-11-25,812,no
Rwenzori,Rwenzori_2014-11-25,1053,no
Fatima,Fatima_2014-11-26,423,no
Ibrahim,Ibrahim_2014-11-28,974,no
Surprise,Surprise_2014-11-29,848,no
Shogun,Shogun_2014-11-29,910,no
Perla,Perla_2014-11-30,517,no
Gaia,Gaia_2014-11-30,819,no
Kuba,Kuba_2014-12-01,513,no
Shogun,Shogun_2014-12-01,621,no
Belle,Belle_2014-12-01,748,no
Perla,Perla_2014-12-02,491,no
Kuba,Kuba_2014-12-02,855,no
Woodstock,Woodstock_2014-12-04,398,no
Poseidon,Poseidon_2014-12-04,583,no
Richelieu,Richelieu_2014-12-04,647,no
Willy,Willy_2014-12-04,801,no
Fredy,Fredy_2014-12-04,997,no
Willy,Willy_2014-12-07,484,no
Rwenzori,Rwenzori_2014-12-08,527,no
Athos,Athos_2014-12-08,661,no
Yeda_since2013,Yeda_since2013_2014-12-09,609,no
Mystere,Mystere_2014-12-09,801,no
Belle,Belle_2014-12-10,713,no
Indira,Indira_2014-12-11,404,no
Indira,Indira_2014-12-12,458,no
Ibrahim,Ibrahim_2014-12-12,764,no
Fatima,Fatima_2014-12-13,419,no
Pandora,Pandora_2014-12-13,924,no
Wandy,Wandy_2014-12-14,407,no
Surprise,Surprise_2014-12-14,720,no
Noureyev,Noureyev_2014-12-16,526,no
Fredy,Fredy_2014-12-17,1079,no
Fredy,Fredy_2014-12-18,440,no
Kuba,Kuba_2014-12-18,455,no
Fredy,Fredy_2014-12-19,436,no
Indira,Indira_2014-12-19,463,no
Ibrahim,Ibrahim_2014-12-19,483,no
Fredy,Fredy_2014-12-20,470,no
Gaia,Gaia_2014-12-21,461,no
Narcisse,Narcisse_2014-12-22,568,no
Shogun,Shogun_2014-12-22,979,no
Fredy,Fredy_2014-12-24,402,no
Perla,Perla_2014-12-24,571,no
Belle,Belle_2014-12-24,642,no
Shogun,Shogun_2014-12-27,608,no
Kuba,Kuba_2014-12-28,571,no
Ibrahim,Ibrahim_2014-12-28,932,no
Kuba,Kuba_2014-12-29,472,no
Shogun,Shogun_2014-12-30,411,no
Woodstock,Woodstock_2014-12-30,526,no
Perla,Perla_2014-12-30,589,no
Willy,Willy_2014-12-31,452,no
Fredy,Fredy_2015-01-01,403,no
Sumatra,Sumatra_2015-01-01,444,no
Mystere,Mystere_2015-01-02,727,no
Jacobo,Jacobo_2015-01-03,443,no
Perla,Perla_2015-01-03,738,no
Mbeli,Mbeli_2015-01-04,575,no
Athos,Athos_2015-01-04,581,no
Ibrahim,Ibrahim_2015-01-06,526,no
Willy,Willy_2015-01-06,688,no
Woodstock,Woodstock_2015-01-06,824,no
Fredy,Fredy_2015-01-07,398,no
Shogun,Shogun_2015-01-07,604,no
Kinshasa,Kinshasa_2015-01-07,733,no
Narcisse,Narcisse_2015-01-08,846,no
Sumatra,Sumatra_2015-01-09,417,no
Woodstock,Woodstock_2015-01-09,479,no
Pandora,Pandora_2015-01-09,539,no
Ibrahim,Ibrahim_2015-01-10,474,no
Richelieu,Richelieu_2015-01-10,477,no
Belle,Belle_2015-01-10,519,no
Kinshasa,Kinshasa_2015-01-11,436,no
Porthos,Porthos_2015-01-11,566,no
Surprise,Surprise_2015-01-13,461,no
Shogun,Shogun_2015-01-13,908,no
Ibrahim,Ibrahim_2015-01-13,1038,no
Shogun,Shogun_2015-01-14,645,no
Woodstock,Woodstock_2015-01-15,446,no
Kuba,Kuba_2015-01-15,518,no
Noureyev,Noureyev_2015-01-15,679,no
Shogun,Shogun_2015-01-15,860,no
Fredy,Fredy_2015-01-16,475,no
Kuba,Kuba_2015-01-16,785,no
Woodstock,Woodstock_2015-01-17,449,no
Pandora,Pandora_2015-01-17,570,no
Kinshasa,Kinshasa_2015-01-17,601,no
Surprise,Surprise_2015-01-17,962,no
Athos,Athos_2015-01-19,497,no
Richelieu,Richelieu_2015-01-19,519,no
Pandora,Pandora_2015-01-19,529,no
Poseidon,Poseidon_2015-01-19,716,no
Noureyev,Noureyev_2015-01-19,750,no
Shogun,Shogun_2015-01-20,474,no
Richelieu,Richelieu_2015-01-20,504,no
Sumatra,Sumatra_2015-01-20,529,no
Belle,Belle_2015-01-20,630,no
Perla,Perla_2015-01-20,709,no
Belle,Belle_2015-01-21,405,no
Mbeli,Mbeli_2015-01-21,463,no
Fredy,Fredy_2015-01-21,475,no
Narcisse,Narcisse_2015-01-21,542,no
Elisa,Elisa_2015-01-21,598,no
Ibrahim,Ibrahim_2015-01-22,485,no
Sumatra,Sumatra_2015-01-23,829,no
Willy,Willy_2015-01-24,405,no
Mystere,Mystere_2015-01-24,859,no
Fredy,Fredy_2015-01-25,412,no
Narcisse,Narcisse_2015-01-25,509,no
Gaia,Gaia_2015-01-25,577,no
Athos,Athos_2015-01-25,590,no
Mbeli,Mbeli_2015-01-26,468,no
Yeda_since2013,Yeda_since2013_2015-01-26,574,no
Richelieu,Richelieu_2015-01-27,465,no
Fatima,Fatima_2015-01-28,452,no
Ibrahim,Ibrahim_2015-01-28,576,no
Fatima,Fatima_2015-01-29,505,no
Richelieu,Richelieu_2015-01-29,593,no
Belle,Belle_2015-01-29,607,no
Indira,Indira_2015-01-30,428,no
Kuba,Kuba_2015-01-30,441,no
Jacobo,Jacobo_2015-01-30,556,no
Porthos,Porthos_2015-01-30,589,no
Mbeli,Mbeli_2015-01-30,698,no
Belle,Belle_2015-02-01,570,no
Surprise,Surprise_2015-02-01,573,no
Richelieu,Richelieu_2015-02-01,585,no
Woodstock,Woodstock_2015-02-01,642,no
Willy,Willy_2015-02-02,498,no
Poseidon,Poseidon_2015-02-02,501,no
Woodstock,Woodstock_2015-02-02,573,no
Surprise,Surprise_2015-02-02,576,no
Fredy,Fredy_2015-02-03,472,no
Noureyev,Noureyev_2015-02-03,864,no
Ibrahim,Ibrahim_2015-02-03,959,no
Willy,Willy_2015-02-03,969,no
Fredy,Fredy_2015-02-04,406,no
Pandora,Pandora_2015-02-04,686,no
Sumatra,Sumatra_2015-02-04,709,no
Willy,Willy_2015-02-05,409,no
Poseidon,Poseidon_2015-02-05,464,no
Kinshasa,Kinshasa_2015-02-05,468,no
Porthos,Porthos_2015-02-05,800,no
Richelieu,Richelieu_2015-02-05,953,no
Willy,Willy_2015-02-06,690,no
Pandora,Pandora_2015-02-06,701,no
Ibrahim,Ibrahim_2015-02-07,465,no
Belle,Belle_2015-02-07,535,no
Porthos,Porthos_2015-02-08,821,no
Kinshasa,Kinshasa_2015-02-09,507,no
Mbeli,Mbeli_2015-02-09,522,no
Sumatra,Sumatra_2015-02-09,971,no
Noureyev,Noureyev_2015-02-10,977,no
Narcisse,Narcisse_2015-02-12,541,no
Perla,Perla_2015-02-13,473,no
Elisa,Elisa_2015-02-14,839,no
Sumatra,Sumatra_2015-02-15,1042,no
Willy,Willy_2015-02-16,718,no
Narcisse,Narcisse_2015-02-17,405,no
Indira,Indira_2015-02-17,578,no
Sumatra,Sumatra_2015-02-17,611,no
Woodstock,Woodstock_2015-02-17,611,no
Jacobo,Jacobo_2015-02-17,747,no
Woodstock,Woodstock_2015-02-26,1018,no
Kuba,Kuba_2015-02-27,841,no
Narcisse,Narcisse_2015-02-28,581,no
Porthos,Porthos_2015-03-01,454,no
Belle,Belle_2015-03-02,520,no
Poseidon,Poseidon_2015-03-02,561,no
Willy,Willy_2015-03-02,621,no
Surprise,Surprise_2015-03-03,827,no
Noureyev,Noureyev_2015-03-04,521,no
Mbeli,Mbeli_2015-03-05,831,no
Richelieu,Richelieu_2015-03-06,472,no
Athos,Athos_2015-03-06,700,no
Rwenzori,Rwenzori_2015-03-07,578,no
Woodstock,Woodstock_2015-03-08,442,no
Fatima,Fatima_2015-03-08,598,no
Poseidon,Poseidon_2015-03-08,662,no
Woodstock,Woodstock_2015-03-09,434,no
Pandora,Pandora_2015-03-09,644,no
Fatima,Fatima_2015-03-10,457,no
Sumatra,Sumatra_2015-03-10,731,no
Indira,Indira_2015-03-11,465,no
Poseidon,Poseidon_2015-03-11,465,no
Narcisse,Narcisse_2015-03-11,852,no
Rwenzori,Rwenzori_2015-03-12,472,no
Porthos,Porthos_2015-03-12,480,no
Indira,Indira_2015-03-12,591,no
Mystere,Mystere_2015-03-12,913,no
Wandy,Wandy_2015-03-14,457,no
Athos,Athos_2015-03-14,537,no
Richelieu,Richelieu_2015-03-14,761,no
Narcisse,Narcisse_2015-03-14,780,no
Noureyev,Noureyev_2015-03-15,426,no
Porthos,Porthos_2015-03-15,612,no
Fredy,Fredy_2015-03-15,919,no
Sumatra,Sumatra_2015-03-17,467,no
Porthos,Porthos_2015-03-18,947,no
Narcisse,Narcisse_2015-03-21,680,no
Willy,Willy_2015-03-21,822,no
Perla,Perla_2015-03-23,470,no
Sumatra,Sumatra_2015-03-23,553,no
Mystere,Mystere_2015-03-24,794,no
Belle,Belle_2015-03-25,583,no
Sumatra,Sumatra_2015-03-26,421,no
Willy,Willy_2015-03-26,636,no
Sumatra,Sumatra_2015-03-28,631,no
Yeda_since2013,Yeda_since2013_2015-03-28,659,no
Surprise,Surprise_2015-03-29,584,no
Perla,Perla_2015-03-30,549,no
Woodstock,Woodstock_2015-03-30,566,no
Mystere,Mystere_2015-04-02,858,no
Fredy,Fredy_2015-04-05,524,no
Fatima,Fatima_2015-04-07,971,no
Surprise,Surprise_2015-04-08,900,no
Indira,Indira_2015-04-09,462,no
Athos,Athos_2015-04-11,672,no
Fredy,Fredy_2015-04-14,572,no
Sumatra,Sumatra_2015-04-15,431,no
Belle,Belle_2015-04-16,527,no
Ibrahim,Ibrahim_2015-04-16,542,no
Belle,Belle_2015-04-17,439,no
Shogun,Shogun_2015-04-17,529,no
Willy,Willy_2015-04-18,600,no
Sumatra,Sumatra_2015-04-18,651,no
Mystere,Mystere_2015-04-19,800,no
Narcisse,Narcisse_2015-04-20,998,no
Richelieu,Richelieu_2015-04-21,422,no
Willy,Willy_2015-04-24,532,no
Poseidon,Poseidon_2015-04-24,548,no
Gaia,Gaia_2015-04-25,452,no
Perla,Perla_2015-04-25,499,no
Woodstock,Woodstock_2015-04-25,553,no
Woodstock,Woodstock_2015-04-26,567,no
Willy,Willy_2015-04-26,897,no
Mystere,Mystere_2015-04-28,576,no
Sumatra,Sumatra_2015-04-29,560,no
Fredy,Fredy_2015-05-01,604,no
Woodstock,Woodstock_2015-05-01,826,no
Belle,Belle_2015-05-01,1009,no
Porthos,Porthos_2015-05-02,484,no
Ibrahim,Ibrahim_2015-05-02,567,no
Pandora,Pandora_2015-05-06,970,no
Noureyev,Noureyev_2015-05-06,973,no
Sumatra,Sumatra_2015-05-07,457,no
Shogun,Shogun_2015-05-07,602,no
Woodstock,Woodstock_2015-05-08,645,no
Noureyev,Noureyev_2015-05-09,531,no
Narcisse,Narcisse_2015-05-10,554,no
Fatima,Fatima_2015-05-10,560,no
Porthos,Porthos_2015-05-11,470,no
Shogun,Shogun_2015-05-12,496,no
Perla,Perla_2015-05-12,660,no
Athos,Athos_2015-05-12,704,no
Pandora,Pandora_2015-05-14,486,no
Indira,Indira_2015-05-15,723,no
Perla,Perla_2015-05-16,579,no
Woodstock,Woodstock_2015-05-16,590,no
Noureyev,Noureyev_2015-05-17,957,no
Mystere,Mystere_2015-05-18,643,no
Willy,Willy_2015-05-18,886,no
Sumatra,Sumatra_2015-05-19,447,no
Fredy,Fredy_2015-05-19,797,no
Jacobo,Jacobo_2015-05-20,417,no
Surprise,Surprise_2015-05-20,480,no
Indira,Indira_2015-05-21,504,no
Richelieu,Richelieu_2015-05-22,516,no
Fatima,Fatima_2015-05-22,544,no
Surprise,Surprise_2015-05-22,564,no
Kuba,Kuba_2015-05-24,1056,no
Belle,Belle_2015-05-25,535,no
Gaia,Gaia_2015-05-27,577,no
Narcisse,Narcisse_2015-05-28,955,no
Belle,Belle_2015-05-30,971,no
Perla,Perla_2015-06-04,537,no
Mbeli,Mbeli_2015-06-07,667,no
Mystere,Mystere_2015-06-10,836,no
Kuba,Kuba_2015-06-12,788,no
Noureyev,Noureyev_2015-06-13,963,no
Sumatra,Sumatra_2015-06-20,433,no
Belle,Belle_2015-06-20,705,no
Narcisse,Narcisse_2015-06-22,530,no
Belle,Belle_2015-06-25,577,no
Narcisse,Narcisse_2015-06-26,834,no
Pandora,Pandora_2015-06-28,505,no
Perla,Perla_2015-06-28,703,no
Surprise,Surprise_2015-06-29,411,no
Narcisse,Narcisse_2015-06-29,506,no
Belle,Belle_2015-07-03,865,no
Pandora,Pandora_2015-07-04,437,no
Fredy,Fredy_2015-07-05,658,no
Fatima,Fatima_2015-07-05,669,no
Perla,Perla_2015-07-05,829,no
Belle,Belle_2015-07-07,687,no
Belle,Belle_2015-07-08,568,no
Fredy,Fredy_2015-07-10,658,no
Mystere,Mystere_2015-07-11,560,no
Mystere,Mystere_2015-07-12,654,no
Richelieu,Richelieu_2015-07-12,690,no
Surprise,Surprise_2015-07-14,970,no
Noureyev,Noureyev_2015-07-16,615,no
Surprise,Surprise_2015-07-17,413,no
Perla,Perla_2015-07-17,624,no
Mystere,Mystere_2015-07-18,871,no
Narcisse,Narcisse_2015-07-19,553,no
Perla,Perla_2015-07-19,1014,no
Narcisse,Narcisse_2015-07-21,709,no
Naomi,Naomi_2015-07-21,712,no
Porthos,Porthos_2015-07-25,993,no
Narcisse,Narcisse_2015-07-26,923,no
Mbeli,Mbeli_2015-07-28,635,no
Surprise,Surprise_2015-07-28,1005,no
Mystere,Mystere_2015-07-29,1011,no
Mystere,Mystere_2015-08-02,971,no
Naomi,Naomi_2015-08-05,585,no
Belle,Belle_2015-08-08,589,no
Porthos,Porthos_2015-08-09,550,no
Belle,Belle_2015-08-10,632,no
Noureyev,Noureyev_2015-08-14,795,no
Perla,Perla_2015-08-15,903,no
Pandora,Pandora_2015-08-16,499,no
Kuba,Kuba_2015-08-27,756,no
Perla,Perla_2015-08-29,912,no
Sumatra,Sumatra_2015-08-31,735,no
Mystere,Mystere_2015-08-31,816,no
Willy,Willy_2015-09-02,521,no
Indira,Indira_2015-09-03,620,no
Fatima,Fatima_2015-09-04,645,no
Chantal,Chantal_2015-09-04,805,no
Willy,Willy_2015-09-05,758,no
Surprise,Surprise_2015-09-06,427,no
Narcisse,Narcisse_2015-09-09,789,no
Naomi,Naomi_2015-09-11,718,no
Richelieu,Richelieu_2015-09-13,761,no
Mystere,Mystere_2015-09-21,729,no
Narcisse,Narcisse_2015-09-22,718,no
Kinshasa,Kinshasa_2015-09-23,852,no
Kinshasa,Kinshasa_2015-09-24,869,no
Fredy,Fredy_2015-09-25,424,no
Chantal,Chantal_2015-09-26,508,no
Elisa,Elisa_2015-09-28,546,no
Naomi,Naomi_2015-09-28,1026,no
Naomi,Naomi_2015-10-02,569,no
Belle,Belle_2015-10-04,619,no
Gia,Gia_2015-10-04,821,no
Narcisse,Narcisse_2015-10-11,576,no
Kuba,Kuba_2015-10-12,646,no
Perla,Perla_2015-10-12,869,no
Athos,Athos_2015-10-13,408,no
Fredy,Fredy_2015-10-13,700,no
Sumatra,Sumatra_2015-10-14,761,no
Belle,Belle_2015-10-14,925,no
Mystere,Mystere_2015-10-17,625,no
Naomi,Naomi_2015-10-17,710,no
Surprise,Surprise_2015-10-18,545,no
Noureyev,Noureyev_2015-10-18,897,no
Mystere,Mystere_2015-10-19,530,no
Pandora,Pandora_2015-10-19,740,no
Belle,Belle_2015-10-20,519,no
Naomi,Naomi_2015-10-20,822,no
Fredy,Fredy_2015-10-20,837,no
Noureyev,Noureyev_2015-10-21,511,no
Perla,Perla_2015-11-03,584,no
Naomi,Naomi_2015-11-04,897,no
Narcisse,Narcisse_2015-11-05,459,no
Kuba,Kuba_2015-11-06,478,no
Chantal,Chantal_2015-11-06,700,no
Yeda_since2013,Yeda_since2013_2015-11-07,479,no
Porthos,Porthos_2015-11-07,684,no
Gaia,Gaia_2015-11-07,855,no
Fredy,Fredy_2015-11-09,388,no
Indira,Indira_2015-11-10,971,no
Richelieu,Richelieu_2015-11-10,972,no
Athos,Athos_2015-11-11,539,no
Shogun,Shogun_2015-11-13,790,no
Porthos,Porthos_2015-11-14,733,no
Naomi,Naomi_2015-11-15,880,no
Noureyev,Noureyev_2015-11-16,664,no
Indira,Indira_2015-11-16,734,no
Surprise,Surprise_2015-11-18,423,no
Belle,Belle_2015-11-18,441,no
Noureyev,Noureyev_2015-11-20,670,no
Narcisse,Narcisse_2015-11-21,447,no
Mystere,Mystere_2015-11-24,574,no
Poseidon,Poseidon_2015-11-25,774,no
Belle,Belle_2015-11-26,1032,no
Shogun,Shogun_2015-11-27,567,no
Korie,Korie_2015-11-28,606,no
Fredy,Fredy_2015-11-29,443,no
Willy,Willy_2015-11-30,462,no
Athos,Athos_2015-12-01,478,no
Willy,Willy_2015-12-01,587,no
Belle,Belle_2015-12-01,593,no
Noureyev,Noureyev_2015-12-04,522,no
Mbeli,Mbeli_2015-12-04,596,no
Surprise,Surprise_2015-12-05,896,no
Fredy,Fredy_2015-12-06,560,no
Sumatra,Sumatra_2015-12-06,635,no
Woodstock,Woodstock_2015-12-07,405,no
Indira,Indira_2015-12-07,460,no
Narcisse,Narcisse_2015-12-08,424,no
Jacobo,Jacobo_2015-12-08,434,no
Kuba,Kuba_2015-12-10,397,no
Richelieu,Richelieu_2015-12-10,473,no
Belle,Belle_2015-12-10,525,no
Woodstock,Woodstock_2015-12-10,587,no
Mbeli,Mbeli_2015-12-10,762,no
Indira,Indira_2015-12-11,397,no
Athos,Athos_2015-12-11,514,no
Fredy,Fredy_2015-12-11,525,no
Kuba,Kuba_2015-12-11,544,no
Poseidon,Poseidon_2015-12-12,446,no
Rwenzori,Rwenzori_2015-12-12,478,no
Fatima,Fatima_2015-12-12,826,no
Willy,Willy_2015-12-13,568,no
Narcisse,Narcisse_2015-12-13,630,no
Yeda_since2013,Yeda_since2013_2015-12-13,639,no
Perla,Perla_2015-12-14,908,no
Fredy,Fredy_2015-12-16,398,no
Poseidon,Poseidon_2015-12-16,504,no
Gaia,Gaia_2015-12-17,639,no
Pandora,Pandora_2015-12-17,825,no
Naomi,Naomi_2015-12-18,505,no
Kuba,Kuba_2015-12-18,553,no
Fredy,Fredy_2015-12-19,397,no
Woodstock,Woodstock_2015-12-19,450,no
Ibrahim,Ibrahim_2015-12-19,501,no
Surprise,Surprise_2015-12-20,570,no
Gia,Gia_2015-12-20,599,no
Richelieu,Richelieu_2015-12-21,815,no
Naomi,Naomi_2015-12-22,450,no
Athos,Athos_2015-12-24,491,no
Pandora,Pandora_2015-12-24,736,no
Belle,Belle_2015-12-25,596,no
Porthos,Porthos_2015-12-27,641,no
Noureyev,Noureyev_2015-12-28,480,no
Mystere,Mystere_2015-12-29,807,no
Fredy,Fredy_2015-12-30,404,no
Athos,Athos_2015-12-31,500,no
Gaia,Gaia_2015-12-31,546,no
Willy,Willy_2015-12-31,790,no
Fredy,Fredy_2016-01-02,395,no
Fredy,Fredy_2016-01-03,531,no
Ibrahim,Ibrahim_2016-01-04,918,no
Richelieu,Richelieu_2016-01-05,499,no
Kinshasa,Kinshasa_2016-01-05,617,no
Kinshasa,Kinshasa_2016-01-08,642,no
Chantal,Chantal_2016-01-09,584,no
Mbeli,Mbeli_2016-01-09,805,no
Perla,Perla_2016-01-09,964,no
Poseidon,Poseidon_2016-01-10,552,no
Indira,Indira_2016-01-10,589,no
Shogun,Shogun_2016-01-10,1010,no
Mystere,Mystere_2016-01-12,468,no
Fredy,Fredy_2016-01-12,1034,no
Indira,Indira_2016-01-13,470,no
Willy,Willy_2016-01-13,804,no
Ibrahim,Ibrahim_2016-01-14,456,no
Fredy,Fredy_2016-01-14,488,no
Fatima,Fatima_2016-01-16,504,no
Rwenzori,Rwenzori_2016-01-17,868,no
Naomi,Naomi_2016-01-19,475,no
Woodstock,Woodstock_2016-01-19,503,no
Gaia,Gaia_2016-01-20,841,no
Willy,Willy_2016-01-21,529,no
Richelieu,Richelieu_2016-01-21,714,no
Belle,Belle_2016-01-21,781,no
Pandora,Pandora_2016-01-22,1016,no
Noureyev,Noureyev_2016-01-23,473,no
Fredy,Fredy_2016-01-27,480,no
Fatima,Fatima_2016-01-27,634,no
Porthos,Porthos_2016-01-28,529,no
Belle,Belle_2016-01-29,505,no
Kuba,Kuba_2016-01-29,776,no
Willy,Willy_2016-01-30,531,no
Kinshasa,Kinshasa_2016-01-30,595,no
Perla,Perla_2016-02-01,536,no
Indira,Indira_2016-02-02,721,no
Belle,Belle_2016-02-04,902,no
Perla,Perla_2016-02-06,512,no
Noureyev,Noureyev_2016-02-06,656,no
Porthos,Porthos_2016-02-11,804,no
Fredy,Fredy_2016-02-12,532,no
Noureyev,Noureyev_2016-02-14,641,no
Belle,Belle_2016-02-15,671,no
Narcisse,Narcisse_2016-02-16,797,no
Perla,Perla_2016-02-17,577,no
Belle,Belle_2016-02-18,966,no
Kinshasa,Kinshasa_2016-02-19,936,no
Pandora,Pandora_2016-02-20,680,no
Mystere,Mystere_2016-02-20,962,no
Naomi,Naomi_2016-02-21,498,no
Sumatra,Sumatra_2016-02-21,977,no
Belle,Belle_2016-02-22,767,no
Narcisse,Narcisse_2016-02-23,634,no
Porthos,Porthos_2016-02-23,903,no
Surprise,Surprise_2016-02-24,708,no
Naomi,Naomi_2016-02-26,577,no
Belle,Belle_2016-02-29,714,no
Belle,Belle_2016-03-01,502,no
Naomi,Naomi_2016-03-03,566,no
Kuba,Kuba_2016-03-04,552,no
Narcisse,Narcisse_2016-03-05,689,no
Noureyev,Noureyev_2016-03-06,526,no
Chantal,Chantal_2016-03-08,522,no
Porthos,Porthos_2016-03-08,557,no
Noureyev,Noureyev_2016-03-09,840,no
Fredy,Fredy_2016-03-11,609,no
Naomi,Naomi_2016-03-12,475,no
Richelieu,Richelieu_2016-03-13,528,no
Perla,Perla_2016-03-13,550,no
Poseidon,Poseidon_2016-03-14,527,no
Belle,Belle_2016-03-14,547,no
Pandora,Pandora_2016-03-17,505,no
Naomi,Naomi_2016-03-19,710,no
Porthos,Porthos_2016-03-20,873,no
Mystere,Mystere_2016-03-22,618,no
Pandora,Pandora_2016-03-23,778,no
Surprise,Surprise_2016-03-24,860,no
Mystere,Mystere_2016-03-30,727,no
Naomi,Naomi_2016-03-31,485,no
Perla,Perla_2016-04-01,598,no
Woodstock,Woodstock_2016-04-01,807,no
Mystere,Mystere_2016-04-02,611,no
Belle,Belle_2016-04-06,902,no
Narcisse,Narcisse_2016-04-08,480,no
Surprise,Surprise_2016-04-10,807,no
Naomi,Naomi_2016-04-13,748,no
Poseidon,Poseidon_2016-04-14,397,no
Pandora,Pandora_2016-04-14,733,no
Belle,Belle_2016-04-15,639,no
Richelieu,Richelieu_2016-04-16,574,no
Perla,Perla_2016-04-16,927,no
Naomi,Naomi_2016-04-20,648,no
Mystere,Mystere_2016-04-20,760,no
Naomi,Naomi_2016-04-23,965,no
Pandora,Pandora_2016-04-24,517,no
Narcisse,Narcisse_2016-04-26,579,no
Belle,Belle_2016-04-27,385,no
Pandora,Pandora_2016-04-28,459,no
Gia,Gia_2016-04-28,487,no
Perla,Perla_2016-04-29,911,no
Mystere,Mystere_2016-04-30,649,no
Naomi,Naomi_2016-04-30,833,no
Belle,Belle_2016-05-01,595,no
Pandora,Pandora_2016-05-01,621,no
Perla,Perla_2016-05-02,417,no
Noureyev,Noureyev_2016-05-02,495,no
Surprise,Surprise_2016-05-04,664,no
Sumatra,Sumatra_2016-05-04,840,no
Yeda_since2013,Yeda_since2013_2016-05-04,1035,no
Athos,Athos_2016-05-05,503,no
Mystere,Mystere_2016-05-05,784,no
Narcisse,Narcisse_2016-05-06,640,no
Pandora,Pandora_2016-05-08,439,no
Belle,Belle_2016-05-13,1060,no
Narcisse,Narcisse_2016-05-14,460,no
Noureyev,Noureyev_2016-05-15,948,no
Naomi,Naomi_2016-05-17,581,no
Fredy,Fredy_2016-05-19,913,no
Perla,Perla_2016-05-21,514,no
Woodstock,Woodstock_2016-05-23,877,no
Belle,Belle_2016-05-25,788,no
Belle,Belle_2016-05-26,538,no
Indira,Indira_2016-05-28,417,no
Poseidon,Poseidon_2016-05-29,582,no
Mystere,Mystere_2016-05-30,806,no
Surprise,Surprise_2016-05-31,637,no
Chantal,Chantal_2016-06-01,475,no
Belle,Belle_2016-06-01,617,no
Mystere,Mystere_2016-06-06,805,no
Noureyev,Noureyev_2016-06-08,956,no
Narcisse,Narcisse_2016-06-12,428,no
Jacobo,Jacobo_2016-06-25,869,no
Fatima,Fatima_2016-07-03,462,no
Perla,Perla_2016-07-08,920,no
Belle,Belle_2016-07-09,677,no
Belle,Belle_2016-07-11,608,no
Pandora,Pandora_2016-07-12,910,no
Rwenzori,Rwenzori_2016-07-13,677,no
Perla,Perla_2016-07-13,974,no
Richelieu,Richelieu_2016-07-15,941,no
Pandora,Pandora_2016-07-16,724,no
Woodstock,Woodstock_2016-07-20,980,no
Surprise,Surprise_2016-07-22,427,no
Noureyev,Noureyev_2016-07-31,805,no
Mystere,Mystere_2016-08-01,628,no
Pandora,Pandora_2016-08-03,447,no
Noureyev,Noureyev_2016-08-06,499,no
Belle,Belle_2016-08-09,559,no
Naomi,Naomi_2016-08-10,924,no
Belle,Belle_2016-08-10,947,no
Poseidon,Poseidon_2016-08-12,702,no
Kinshasa,Kinshasa_2016-08-13,906,no
Belle,Belle_2016-08-27,593,no
Perla,Perla_2016-09-03,437,no
Belle,Belle_2016-09-04,865,no
Surprise,Surprise_2016-09-05,1027,no
Noureyev,Noureyev_2016-09-09,970,no
Narcisse,Narcisse_2016-09-10,414,no
Porthos,Porthos_2016-09-13,864,no
Surprise,Surprise_2016-09-14,530,no
Mystere,Mystere_2016-09-28,951,no
Belle,Belle_2016-09-29,497,no
Noureyev,Noureyev_2016-09-30,628,no
Narcisse,Narcisse_2016-09-30,688,no
Naomi,Naomi_2016-10-01,695,no
Narcisse,Narcisse_2016-10-02,528,no
Pandora,Pandora_2016-10-02,587,no
Surprise,Surprise_2016-10-04,967,no
Mystere,Mystere_2016-10-05,501,no
Perla,Perla_2016-10-06,890,no
Yeda_since2013,Yeda_since2013_2016-10-14,627,no
Perla,Perla_2016-10-14,739,no
Surprise,Surprise_2016-10-15,921,no
Belle,Belle_2016-10-16,433,no
Pandora,Pandora_2016-10-17,500,no
Pandora,Pandora_2016-10-21,475,no
Noureyev,Noureyev_2016-10-22,653,no
Naomi,Naomi_2016-10-23,594,no
Perla,Perla_2016-10-25,773,no
Narcisse,Narcisse_2016-10-26,837,no
Belle,Belle_2016-10-27,528,no
Porthos,Porthos_2016-10-28,487,no
Porthos,Porthos_2016-11-07,750,no
Noureyev,Noureyev_2016-11-12,647,no
Surprise,Surprise_2016-11-17,837,no
Fatima,Fatima_2016-11-18,388,no
Belle,Belle_2016-11-18,700,no
Willy,Willy_2016-11-23,563,no
Mystere,Mystere_2016-11-24,904,no
Kinshasa,Kinshasa_2016-11-25,549,no
Pandora,Pandora_2016-11-28,879,no
Naomi,Naomi_2016-11-29,688,no
Perla,Perla_2016-12-01,620,no
Belle,Belle_2016-12-02,600,no
Kinshasa,Kinshasa_2016-12-02,819,no
Indira,Indira_2016-12-04,596,no
Pandora,Pandora_2016-12-04,642,no
Naomi,Naomi_2016-12-05,725,no
Kuba,Kuba_2016-12-05,810,no
Poseidon,Poseidon_2016-12-06,461,no
Porthos,Porthos_2016-12-06,1009,no
Mystere,Mystere_2016-12-07,499,no
Belle,Belle_2016-12-09,433,no
Richelieu,Richelieu_2016-12-09,496,no
Surprise,Surprise_2016-12-09,723,no
Surprise,Surprise_2016-12-10,542,no
Pandora,Pandora_2016-12-10,619,no
Porthos,Porthos_2016-12-11,954,no
Naomi,Naomi_2016-12-12,934,no
Pandora,Pandora_2016-12-13,453,no
Mystere,Mystere_2016-12-13,595,no
Noureyev,Noureyev_2016-12-14,883,no
Ibrahim,Ibrahim_2016-12-15,537,no
Naomi,Naomi_2016-12-15,644,no
Belle,Belle_2016-12-17,433,no
Narcisse,Narcisse_2016-12-18,534,no
Mystere,Mystere_2016-12-19,611,no
Naomi,Naomi_2016-12-19,749,no
Belle,Belle_2016-12-20,585,no
Perla,Perla_2016-12-20,588,no
Pandora,Pandora_2016-12-21,482,no
Belle,Belle_2016-12-22,518,no
Porthos,Porthos_2016-12-22,576,no
Narcisse,Narcisse_2016-12-24,468,no
Perla,Perla_2016-12-25,502,no
Woodstock,Woodstock_2016-12-26,440,no
Narcisse,Narcisse_2016-12-26,819,no
Noureyev,Noureyev_2016-12-27,541,no
Naomi,Naomi_2016-12-28,889,no
Jacobo,Jacobo_2016-12-28,1018,no
Chantal,Chantal_2016-12-30,444,no
Wandy,Wandy_2016-12-31,499,no
Wandy,Wandy_2017-01-01,733,no
Indira,Indira_2017-01-02,481,no
Fredy,Fredy_2017-01-04,493,no
Rwenzori,Rwenzori_2017-01-05,527,no
Willy,Willy_2017-01-06,539,no
Yeda_since2013,Yeda_since2013_2017-01-08,749,no
Chantal,Chantal_2017-01-12,618,no
Pandora,Pandora_2017-01-13,938,no
Perla,Perla_2017-01-14,601,no
Fredy,Fredy_2017-01-15,447,no
Jacobo,Jacobo_2017-01-15,922,no
Yeha,Yeha_2017-01-16,501,no
Kuba,Kuba_2017-01-16,524,no
Mystere,Mystere_2017-01-16,1030,no
Naomi,Naomi_2017-01-17,496,no
Porthos,Porthos_2017-01-19,663,no
Surprise,Surprise_2017-01-24,475,no
Mystere,Mystere_2017-01-26,833,no
Porthos,Porthos_2017-01-28,650,no
Belle,Belle_2017-01-28,831,no
Surprise,Surprise_2017-01-29,917,no
Pandora,Pandora_2017-01-29,999,no
Narcisse,Narcisse_2017-01-30,536,no
Pandora,Pandora_2017-01-31,530,no
Perla,Perla_2017-02-01,467,no
Porthos,Porthos_2017-02-01,898,no
Fredy,Fredy_2017-02-02,640,no
Belle,Belle_2017-02-02,890,no
Poseidon,Poseidon_2017-02-03,413,no
Noureyev,Noureyev_2017-02-03,463,no
Narcisse,Narcisse_2017-02-05,462,no
Richelieu,Richelieu_2017-02-05,552,no
Pandora,Pandora_2017-02-06,783,no
Yeda_since2013,Yeda_since2013_2017-02-10,754,no
Perla,Perla_2017-02-14,605,no
Fatima,Fatima_2017-02-15,581,no
Belle,Belle_2017-02-16,537,no
Mystere,Mystere_2017-02-16,791,no
Mystere,Mystere_2017-02-18,413,no
Narcisse,Narcisse_2017-02-18,537,no
Pandora,Pandora_2017-02-19,503,no
Belle,Belle_2017-02-20,457,no
Perla,Perla_2017-02-20,611,no
Fredy,Fredy_2017-02-21,463,no
Belle,Belle_2017-02-22,505,no
Noureyev,Noureyev_2017-02-23,497,no
Perla,Perla_2017-02-28,493,no
Noureyev,Noureyev_2017-03-01,687,no
Belle,Belle_2017-03-03,491,no
Kuba,Kuba_2017-03-04,647,no
Kinshasa,Kinshasa_2017-03-05,567,no
Belle,Belle_2017-03-07,516,no
Kuba,Kuba_2017-03-08,590,no
Sumatra,Sumatra_2017-03-09,664,no
Narcisse,Narcisse_2017-03-09,875,no
Fredy,Fredy_2017-03-10,438,no
Richelieu,Richelieu_2017-03-11,651,no
Belle,Belle_2017-03-13,678,no
Perla,Perla_2017-03-20,848,no
Ibrahim,Ibrahim_2017-03-20,883,no
Fatima,Fatima_2017-03-25,424,no
Richelieu,Richelieu_2017-03-26,518,no
Pandora,Pandora_2017-03-27,453,no
Chantal,Chantal_2017-03-28,849,no
Yeda_since2013,Yeda_since2013_2017-04-02,432,no
Noureyev,Noureyev_2017-04-04,937,no
Perla,Perla_2017-04-17,1001,no
Perla,Perla_2017-04-23,935,no
Ibrahim,Ibrahim_2017-04-25,459,no
Naomi,Naomi_2017-04-25,509,no
Surprise,Surprise_2017-04-27,921,no
Narcisse,Narcisse_2017-04-30,473,no
Naomi,Naomi_2017-05-13,799,no
Narcisse,Narcisse_2017-05-16,999,no
Naomi,Naomi_2017-05-17,531,no
Mystere,Mystere_2017-05-20,935,no
Jacobo,Jacobo_2017-05-22,996,no
Porthos,Porthos_2017-05-30,879,no
Fredy,Fredy_2017-05-31,395,no
Pandora,Pandora_2017-05-31,520,no
Fredy,Fredy_2017-06-04,781,no
Perla,Perla_2017-06-17,567,no
Noureyev,Noureyev_2017-06-19,533,no
Pandora,Pandora_2017-06-25,810,no
Kinshasa,Kinshasa_2017-06-27,539,no
Perla,Perla_2017-06-28,819,no
Fredy,Fredy_2017-07-10,805,no
Fredy,Fredy_2017-07-11,740,no
Richelieu,Richelieu_2017-07-14,714,no
Kinshasa,Kinshasa_2017-07-17,552,no
Sumatra,Sumatra_2017-07-17,566,no
Naomi,Naomi_2017-07-20,653,no
Woodstock,Woodstock_2017-07-27,762,no
Pandora,Pandora_2017-07-27,870,no
Surprise,Surprise_2017-07-30,1025,no
Porthos,Porthos_2017-08-01,526,no
Kuba,Kuba_2017-08-04,559,no
Fredy,Fredy_2017-08-04,690,no
Narcisse,Narcisse_2017-08-04,790,no
Surprise,Surprise_2017-08-06,550,no
Surprise,Surprise_2017-08-07,749,no
Noureyev,Noureyev_2017-08-09,647,no
Mystere,Mystere_2017-08-15,591,no
Yeda_since2013,Yeda_since2013_2017-08-16,520,no
Willy,Willy_2017-08-18,583,no
Poseidon,Poseidon_2017-08-21,560,no
Richelieu,Richelieu_2017-08-22,448,no
Narcisse,Narcisse_2017-09-03,867,no
Woodstock,Woodstock_2017-09-06,822,no
Pandora,Pandora_2017-09-09,609,no
Porthos,Porthos_2017-09-10,1012,no
Jacobo,Jacobo_2017-09-12,579,no
Naomi,Naomi_2017-09-12,761,no
Pandora,Pandora_2017-09-14,586,no
Narcisse,Narcisse_2017-10-09,789,no
Naomi,Naomi_2017-10-16,728,no
Pandora,Pandora_2017-10-19,765,no
Willy,Willy_2017-10-20,435,no
Noureyev,Noureyev_2017-10-24,426,no
Fatima,Fatima_2017-10-26,865,no
Athos,Athos_2017-10-27,722,no
Surprise,Surprise_2017-11-20,608,no
Surprise,Surprise_2017-11-26,596,no
Naomi,Naomi_2017-11-28,586,no
Narcisse,Narcisse_2017-11-29,484,no
Noureyev,Noureyev_2017-12-15,904,no
Pandora,Pandora_2017-12-22,423,no
Mystere,Mystere_2017-12-25,997,no
Narcisse,Narcisse_2017-12-27,649,no
Naomi,Naomi_2017-12-28,547,no
Pandora,Pandora_2017-12-28,902,no
Narcisse,Narcisse_2018-01-01,923,no
Mystere,Mystere_2018-01-06,551,no
Porthos,Porthos_2018-01-08,990,no